Gruppe_1,Gruppe_2,Vergleich,Mean_1,Mean_2,Mean_Diff,t_Statistik,p_Wert,p_Bonferroni,Signifikant_005,Signifikant_Bonferroni
1,2,Ohne Stagnation vs Mit Stagnation,3.4527896995708156,4.976190476190476,-1.5234007766196607,-9.076897298140716,4.8503169572420105e-19,1.455095087172603e-18,True,True
1,3,Ohne Stagnation vs Mit Verschlechterung,3.4527896995708156,5.557377049180328,-2.1045873496095124,-6.642462965235384,4.761925491602768e-10,1.4285776474808305e-09,True,True
2,3,Mit Stagnation vs Mit Verschlechterung,4.976190476190476,5.557377049180328,-0.5811865729898518,-1.8075742404953943,0.07247447420510501,0.21742342261531505,False,False
