Variable,Coefficient,P_Value,Odds_Ratio,CI_Lower_95,CI_Upper_95,Significant
const,0.08820548951458726,0.8484108734018365,1.0922125371940201,0.4420952875044119,2.698350921444495,False
P,-0.431008806043248,9.274464597653026e-05,0.6498531881142732,0.5235487472827833,0.8066281665156652,True
FLScore,0.12119103725633783,0.21386452473174888,1.1288405423700634,0.9324854186769439,1.3665425159208937,False
Alter-Unfall,-0.008069512477095543,0.1177522706523141,0.9919629586379883,0.9819840461469074,1.0020432767424245,False
StatusP_numeric,0.7297340075522556,0.0001146492343056343,2.0745287253055453,1.4318142776112806,3.0057455770714436,True
StatusFL_numeric,0.5609713726775435,0.007713095372931835,1.7523738819342538,1.159873266550971,2.6475428916615846,True
Gender_Male,0.21887338453455527,0.1963319704791553,1.2446736717738536,0.8930266493103561,1.73478871028473,False
