Variable,Coefficient,P_Value,Odds_Ratio,CI_Lower_95,CI_Upper_95,Significant
const,0.6630402582823093,0.5425052249641011,1.9406835536975793,0.22975502769246908,16.39247111768739,False
P,-0.5552627193699198,0.0006996708386042171,0.5739214611036061,0.4163115758342998,0.7912002995717806,True
FLScore,0.16302609774136725,0.2530133726975101,1.177067408088413,0.8900223327225323,1.5566886720087565,False
Alter-Unfall,-0.0006798194054761306,0.9294231847703665,0.9993204116193812,0.984399536262312,1.0144674477101974,False
Risk Factor,-0.45045753154715007,0.5842974392493159,0.6373364833558599,0.12692617644626344,3.200268095906801,False
StatusP_numeric,0.6315083027654013,0.06350403265591384,1.8804447213282498,0.9651215685047404,3.6638621137124763,False
StatusFL_numeric,0.5156216832305122,0.14642560424930348,1.674679298277374,0.835059118520447,3.3585056313712074,False
Gender_Male,-0.08808552537288711,0.7250608345953287,0.9156825592819804,0.5604772716189227,1.496000983146538,False
