Variable,VIF
const,74.54703491532973
P,1.4683934775815324
FLScore,1.4276442739705328
Alter-Unfall,1.0654895523926398
Risk Factor,1.0073921132894246
StatusP_numeric,2.616042135507426
StatusFL_numeric,2.7098469206092712
Gender_Male,1.0665269240056907
